dates,titles,urls
16/06/2009,Philip Curtin y el Vergangenheitsbewältigung de Nuestra Historia Económica,http://nadaesgratis.es/fernandez-villaverde/philip-curtin-y-el-vergangenheitsbewaltigung-de-nuestra-historia-economica
16/06/2009,El Boletín Económico del Banco de España,http://nadaesgratis.es/fernandez-villaverde/el-boletin-economico-del-banco-de-espana
19/06/2009,"Hoy es Viernes, luego hemos tenido Consejo de Ministros",http://nadaesgratis.es/fernandez-villaverde/hoy-es-viernes-luego-hemos-tenido-consejo-de-ministros
19/06/2009,El Comercio Internacional y la Crisis,http://nadaesgratis.es/fernandez-villaverde/el-comercio-internacional-y-la-crisis
20/06/2009,"¡Si ellos tienen Onu, nosotros tenemos dos!",http://nadaesgratis.es/fernandez-villaverde/si-ellos-tienen-onu-nosotros-tenemos-dos
22/06/2009,Impuestos en Europa,http://nadaesgratis.es/fernandez-villaverde/impuestos-en-europa
24/06/2009,Adivina quién viene a aleatorizar esta noche,http://nadaesgratis.es/fernandez-villaverde/adivina-quien-viene-a-aleatorizar-esta-noche
26/06/2009,Habemus FROBem,http://nadaesgratis.es/fernandez-villaverde/habemus-frobem
26/06/2009,El Techo de Gasto,http://nadaesgratis.es/fernandez-villaverde/el-techo-de-gasto
29/06/2009,Cuando las Barbas de tu Vecino Veas Pelar,http://nadaesgratis.es/fernandez-villaverde/cuando-las-barbas-de-tu-vecino-veas-pelar
29/06/2009,Flores de Lemus o el Mandarín y la Llave del Cerrojo del Sepulcro del Cid,http://nadaesgratis.es/fernandez-villaverde/flores-de-lemus-o-el-mandarin-y-la-llave-del-cerrojo-del-sepulcro-del-cid
07/07/2009,Cuando el Río Suena…,http://nadaesgratis.es/fernandez-villaverde/cuando-el-rio-suena%e2%80%a6
09/07/2009,La Ministra y los Arbitrios,http://nadaesgratis.es/fernandez-villaverde/la-ministra-y-los-arbitrios
10/07/2009,Zapatero en Lake Wobegon,http://nadaesgratis.es/fernandez-villaverde/zapatero-en-lake-wobegon
15/07/2009,Estoy en condiciones de ofrecer al Presidente lo que el Presidente me ha pedido,http://nadaesgratis.es/fernandez-villaverde/estoy-en-condiciones-de-ofrecer-al-presidente-lo-que-el-presidente-me-ha-pedido
16/07/2009,Sobre Blogs de Economía,http://nadaesgratis.es/fernandez-villaverde/sobre-blogs-de-economia
16/07/2009,Por Sus Frutos los Conoceréis,http://nadaesgratis.es/fernandez-villaverde/por-sus-frutos-los-conocereis
17/07/2009,"Lasciate ogne speranza, voi ch'intrate",http://nadaesgratis.es/fernandez-villaverde/lasciate-ogne-speranza-voi-chintrate
20/07/2009,Alierta y la Legitimidad de la Economía de Mercado,http://nadaesgratis.es/fernandez-villaverde/alierta-y-la-legitimidad-de-la-economia-de-mercado
21/07/2009,50 Años que Son una Vida,http://nadaesgratis.es/fernandez-villaverde/50-anos-que-son-una-vida
22/07/2009,Rajoy en su Laberinto,http://nadaesgratis.es/fernandez-villaverde/rajoy-en-su-laberinto
24/07/2009,Más sobre la Meritocracia,http://nadaesgratis.es/fernandez-villaverde/mas-sobre-la-meritocracia
26/07/2009,Nada es Gratis: la vida tampoco,http://nadaesgratis.es/fernandez-villaverde/nada-es-gratis-la-vida-tampoco
29/07/2009,"Con la Estacionalidad Hemos Dado, Sancho",http://nadaesgratis.es/fernandez-villaverde/con-la-estacionalidad-hemos-dado-sancho
30/07/2009,La Televisión Que Queremos,http://nadaesgratis.es/fernandez-villaverde/la-television-que-queremos
05/08/2009,La Defensa de la Competencia y Nuestra Legitimidad como Profesión,http://nadaesgratis.es/fernandez-villaverde/la-defensa-de-la-competencia-y-nuestra-legitimidad-como-profesion
06/08/2009,Bob Lucas y la Macro,http://nadaesgratis.es/fernandez-villaverde/bob-lucas-y-la-macro
10/08/2009,Los Visigodos en Agosto: Chris Wickham,http://nadaesgratis.es/fernandez-villaverde/los-visigodos-en-agosto-chris-wickham
12/08/2009,Mientras tanto en EE.UU.,http://nadaesgratis.es/fernandez-villaverde/mientras-tanto-en-ee-uu
15/08/2009,Los Avances de Contabilidad Nacional,http://nadaesgratis.es/fernandez-villaverde/los-avanzes-de-contabilidad-nacional
18/08/2009,A vueltas con la Productividad,http://nadaesgratis.es/fernandez-villaverde/a-vueltas-con-la-productividad
26/08/2009,Los Economistas en el Poder,http://nadaesgratis.es/fernandez-villaverde/los-economistas-en-el-poder
30/08/2009,"If you're going to do this damn silly thing, don't do it in this damn silly way",http://nadaesgratis.es/fernandez-villaverde/if-youre-going-to-do-this-damn-silly-thing-dont-do-it-in-this-damn-silly-way
02/09/2009,En Neutra,http://nadaesgratis.es/fernandez-villaverde/en-neutra
03/09/2009,Las Cajas y Aliancia,http://nadaesgratis.es/fernandez-villaverde/las-cajas-y-aliancia
05/09/2009,Y Mientras Tanto Google Sigue con su Plan para Dominar el Planeta,http://nadaesgratis.es/fernandez-villaverde/y-mientras-tanto-google-sigue-con-su-plan-para-dominar-el-planeta
07/09/2009,La Ley de Economía Sostenible y el Proceso Legislativo,http://nadaesgratis.es/fernandez-villaverde/la-ley-de-economia-sostenible-y-el-proceso-legislativo
08/09/2009,El Nivel de Deuda,http://nadaesgratis.es/fernandez-villaverde/el-nivel-de-deuda
10/09/2009,Programa Escuela 2.0,http://nadaesgratis.es/fernandez-villaverde/programa-escuela-2-0
11/09/2009,Primeros Detalles de la Ley de Economía Sostenible,http://nadaesgratis.es/fernandez-villaverde/primeros-detalles-de-la-ley-de-economia-sostenible
15/09/2009,Las Grandes Superficies y la Gasolina,http://nadaesgratis.es/fernandez-villaverde/las-grandes-superficies-y-la-gasolina
17/09/2009,El Estado de la Macro I: Narayana Kocherlakota,http://nadaesgratis.es/fernandez-villaverde/el-estado-de-la-macro-narayana-kocherlakota
18/09/2009,"El Estado de la Macroeconomía II: David Altig, Gilles Saint-Paul y David Levine",http://nadaesgratis.es/fernandez-villaverde/el-estado-de-la-macroeconomia-david-altig
20/09/2009,El Estado de la Macro III: David Andolfatto,http://nadaesgratis.es/fernandez-villaverde/el-estado-de-la-macro-iii-david-andolfatto
21/09/2009,Una Visita a Madrid I: Los Taxis,http://nadaesgratis.es/fernandez-villaverde/una-visita-a-madrid-i-los-taxis
22/09/2009,Una Visita a Madrid II: La Sanidad,http://nadaesgratis.es/fernandez-villaverde/una-visita-a-madrid-ii-la-sanidad
22/09/2009,El Sueldo de los Banqueros,http://nadaesgratis.es/fernandez-villaverde/el-sueldo-de-los-banqueros
25/09/2009,Una Visita a Madrid III: Las Cajas de Ahorros,http://nadaesgratis.es/fernandez-villaverde/una-visita-a-madrid-iii-las-cajas-de-ahorros
27/09/2009,Una Visita a Madrid IV: La Directiva de Servicios,http://nadaesgratis.es/fernandez-villaverde/una-visita-a-madrid-iv-la-directiva-de-servicios
29/09/2009,La Mora por Sectores,http://nadaesgratis.es/fernandez-villaverde/la-mora-por-sectores
30/09/2009,Minneapolis Fed,http://nadaesgratis.es/fernandez-villaverde/minneapolis-fed
30/09/2009,Los Taxistas y la T4,http://nadaesgratis.es/fernandez-villaverde/los-taxistas-y-la-t4
01/10/2009,Las Guerras de Nuestros Padres,http://nadaesgratis.es/fernandez-villaverde/las-guerras-de-nuestros-padres
02/10/2009,"Uff, ¡Menudo Alivio!",http://nadaesgratis.es/fernandez-villaverde/uff-menudo-alivio
04/10/2009,Allá por el 2001,http://nadaesgratis.es/fernandez-villaverde/alla-por-el-2001
06/10/2009,La Política Económica desde Dentro,http://nadaesgratis.es/fernandez-villaverde/la-politica-economica-desde-dentro
07/10/2009,"Una Visita a Madrid V: Olivares, los Vasa y el Báltico",http://nadaesgratis.es/fernandez-villaverde/una-visita-a-madrid-v-olivares-los-vasa-y-el-baltico
08/10/2009,Y el Ganador es....,http://nadaesgratis.es/fernandez-villaverde/y-el-ganador-es
12/10/2009,Una Maldad,http://nadaesgratis.es/fernandez-villaverde/una-maldad
12/10/2009,Una Elección Peculiar,http://nadaesgratis.es/fernandez-villaverde/una-eleccion-peculiar
13/10/2009,Lecturas,http://nadaesgratis.es/fernandez-villaverde/lecturas
14/10/2009,Más Lecturas,http://nadaesgratis.es/fernandez-villaverde/mas-lecturas
21/10/2009,Nuestros Vecinos del Norte,http://nadaesgratis.es/fernandez-villaverde/nuestros-vecinos-del-norte
22/10/2009,Las Argucias Contables y los Incentivos Perversos,http://nadaesgratis.es/fernandez-villaverde/las-argucias-contables-y-los-incentivos-perversos
24/10/2009,Nuestros Lectores le dan la Razón a Hayek,http://nadaesgratis.es/fernandez-villaverde/nuestros-lectores-le-dan-la-razon-a-hayek
25/10/2009,Jim Hamilton y las Operaciones de Liquidez,http://nadaesgratis.es/fernandez-villaverde/jim-hamilton-y-las-operaciones-de-liquidez
28/10/2009,Cosas Interesantes por Internet,http://nadaesgratis.es/fernandez-villaverde/lo-mas-apasionante-de-las-tecnologias-de-aplicacion-general-como-internet-es-que-no-sabemos-muy-bien-que-terminaran-trayendo-y-si-hace-una-decada-cuando-ya-todos-usabamos-internet-y-el-correo-electr
30/10/2009,Transferencias Perversas,http://nadaesgratis.es/fernandez-villaverde/transferencias-pervesas
04/11/2009,John Meyer y la Historia Económica,http://nadaesgratis.es/fernandez-villaverde/john-meyer-y-la-historia-economica
11/11/2009,El Kurzarbeit y el Mercado de Trabajo,http://nadaesgratis.es/fernandez-villaverde/el-kurzarbeit-y-el-mercado-de-trabajo
11/11/2009,La Caída de la Recaudación Tributaria,http://nadaesgratis.es/fernandez-villaverde/1562
12/11/2009,El Ciclo del Apalancamiento,http://nadaesgratis.es/fernandez-villaverde/1602
14/11/2009,El Sistema Electoral de la II República,http://nadaesgratis.es/fernandez-villaverde/el-sistema-electoral-de-la-ii-republica
17/11/2009,Evaluación de Políticas Presupuestarias,http://nadaesgratis.es/fernandez-villaverde/evaluacion-de-politicas-presupuestarias
18/11/2009,Cambó y la Manipulación Estratégica,http://nadaesgratis.es/fernandez-villaverde/cambo-y-la-manipulacion-estrategica
21/11/2009,La Convergencia Educativa de España,http://nadaesgratis.es/fernandez-villaverde/la-convergencia-educativa-de-espana
24/11/2009,Felipe II y el Franco Condado,http://nadaesgratis.es/fernandez-villaverde/felipe-ii-y-el-franco-condado
25/11/2009,Los Programas de Trabajo Reducido: una Valoración Provisional,http://nadaesgratis.es/fernandez-villaverde/los-programas-de-trabajo-reducido-una-valoracion-provisional
25/11/2009,Los Efectos de Equilibrio General de los Piratas,http://nadaesgratis.es/fernandez-villaverde/los-efectos-de-equilibrio-general-de-los-piratas
01/12/2009,El Articulado de la Ley de Economía Sostenible: una Primera Lectura,http://nadaesgratis.es/fernandez-villaverde/el-articulado-de-la-ley-de-economia-sostenible-una-primera-lectura
02/12/2009,Experimentos de Política Monetaria,http://nadaesgratis.es/fernandez-villaverde/experimentos-de-politica-monetaria
05/12/2009,El Origen Histórico del Modelo Alemán de Trabajo Reducido,http://nadaesgratis.es/fernandez-villaverde/el-origen-historico-del-modelo-aleman-de-trabajo-reducido
09/12/2009,El Papel de las Instituciones: de Washington a Caracas,http://nadaesgratis.es/fernandez-villaverde/el-papel-de-las-instituciones-de-washington-a-caracas
11/12/2009,El Año Vicens Vives,http://nadaesgratis.es/fernandez-villaverde/el-ano-vicens-vives
13/12/2009,Paul Samuelson,http://nadaesgratis.es/fernandez-villaverde/paul-samuelson
13/12/2009,Timeo Danaos et dona ferentes,http://nadaesgratis.es/fernandez-villaverde/timeo-danaos-et-dona-ferentes
23/12/2009,G.A. Cohen y la Teoría de la Historia,http://nadaesgratis.es/fernandez-villaverde/g-a-cohen-y-la-teoria-de-la-historia
28/12/2009,Epi y Blas y los Equilibrios Auto-Confirmados,http://nadaesgratis.es/fernandez-villaverde/epi-y-blas-y-los-equilibrios-auto-confirmados
31/12/2009,Nuevos Instrumentos de Política Monetaria,http://nadaesgratis.es/fernandez-villaverde/nuevos-instrumentos-de-politica-monetaria
06/01/2010,Un Experimento Pedagógico: Historia Económica Global,http://nadaesgratis.es/fernandez-villaverde/un-experimento-pedagogico-historia-economica-global
13/01/2010,La Política Monetaria En Su Encrucijada I,http://nadaesgratis.es/fernandez-villaverde/la-politica-monetaria-en-su-encrucijada-i
20/01/2010,La Política Monetaria En Su Encrucijada II,http://nadaesgratis.es/fernandez-villaverde/la-politica-monetaria-en-su-encrucijada-ii
21/01/2010,Deuda y Desapalancamiento,http://nadaesgratis.es/fernandez-villaverde/deuda-y-desapalancamiento
24/01/2010,Impresión de Actividad,http://nadaesgratis.es/fernandez-villaverde/impresion-de-actividad
26/01/2010,Haití o la Herencia del Pasado,http://nadaesgratis.es/fernandez-villaverde/haiti-o-la-herencia-del-pasado
26/01/2010,La Obesidad y los Restaurantes,http://nadaesgratis.es/fernandez-villaverde/la-obesidad-y-los-restaurantes
27/01/2010,Ángel Gabilondo canta Cumbayá,http://nadaesgratis.es/fernandez-villaverde/angel-gabilondo-canta-cumbaya
30/01/2010,Fun with Google News,http://nadaesgratis.es/fernandez-villaverde/fun-with-google-news
30/01/2010,Los Datos de PIB de EE.UU.,http://nadaesgratis.es/fernandez-villaverde/los-datos-de-pib-de-ee-uu
01/02/2010,John Cochrane y la Crisis,http://nadaesgratis.es/fernandez-villaverde/john-cochrane-y-la-crisis
02/02/2010,La Política Monetaria en Su Encrucijada III: Un Interludio On the Brink,http://nadaesgratis.es/fernandez-villaverde/la-politica-monetaria-en-su-encrucijada-iii-un-interludio-on-the-brink
03/02/2010,Lee Ohanian habla sobre la Gran Depresión,http://nadaesgratis.es/fernandez-villaverde/lee-ohanian-habla-sobre-la-gran-depresion
07/02/2010,Recuperar la Credibilidad,http://nadaesgratis.es/fernandez-villaverde/recuperar-la-credibilidad
08/02/2010,La Presentación del Tesoro,http://nadaesgratis.es/fernandez-villaverde/la-presentacion-del-tesoro
10/02/2010,¿Son los Salarios Demasiado Altos en España?,http://nadaesgratis.es/fernandez-villaverde/%c2%bfson-los-salarios-demasiado-altos-en-espana
16/02/2010,Los Salarios en Japón. ¿Una Lección para España?,http://nadaesgratis.es/fernandez-villaverde/los-salarios-en-japon-%c2%bfuna-leccion-para-espana
17/02/2010,Eichengreen y el Euro,http://nadaesgratis.es/fernandez-villaverde/eichengreen-y-el-euro
20/02/2010,"Las Normas Sexuales, la Socialización y el Cambio Tecnológico",http://nadaesgratis.es/fernandez-villaverde/las-normas-sexuales-la-socializacion-y-el-cambio-tecnologico
24/02/2010,Riesgo e Incertidumbre: Buscando Robustez en la Política Fiscal (I),http://nadaesgratis.es/fernandez-villaverde/riesgo-e-incertidumbre-buscando-robustez-en-la-politica-fiscal-i
26/02/2010,Un Consejo de Política Fiscal,http://nadaesgratis.es/fernandez-villaverde/un-consejo-de-politica-fiscal
26/02/2010,Nada€$Gratis en Twitter,http://nadaesgratis.es/fernandez-villaverde/nadaegratis-en-twitter
28/02/2010,Terremotos y Desarrollo Económico,http://nadaesgratis.es/fernandez-villaverde/terremotos-y-desarrollo-economico
01/03/2010,Preguntas y Respuestas sobre la Crisis Financiera,http://nadaesgratis.es/fernandez-villaverde/preguntas-y-respuestas-sobre-la-crisis-financiera
03/03/2010,Riesgo e Incertidumbre: Buscando Robustez en la Política Fiscal (II),http://nadaesgratis.es/fernandez-villaverde/riesgo-e-incertidumbre-buscando-robustez-en-la-politica-fiscal-ii
07/03/2010,La Senda de Consolidación Fiscal: una Respuesta a una Pregunta de Tano Santos,http://nadaesgratis.es/fernandez-villaverde/la-senda-de-consolidacion-fiscal-una-respuesta-a-una-pregunta-de-tano-santos
08/03/2010,Luis en la Tele,http://nadaesgratis.es/fernandez-villaverde/luis-en-la-tele
09/03/2010,Riesgo e Incertidumbre: Buscando Robustez en la Política Fiscal (III),http://nadaesgratis.es/fernandez-villaverde/riesgo-e-incertidumbre-buscando-robustez-en-la-politica-fiscal-iii
09/03/2010,Plan de Estabilización de 1959 Otra Vez,http://nadaesgratis.es/fernandez-villaverde/plan-de-estabilizacion-de-1959-otra-vez
10/03/2010,Fama y las Burbujas de Precios,http://nadaesgratis.es/fernandez-villaverde/fama-y-las-burbujas-de-precios
12/03/2010,Yellen y Diamond en la Fed,http://nadaesgratis.es/fernandez-villaverde/yellen-y-diamond-en-la-fed
12/03/2010,La Regla Volcker,http://nadaesgratis.es/fernandez-villaverde/la-regla-volcker
14/03/2010,Un par de cosas más sobre Yellen,http://nadaesgratis.es/fernandez-villaverde/un-par-de-cosas-mas-sobre-yellen
15/03/2010,"100,000 Visitas",http://nadaesgratis.es/fernandez-villaverde/100000-visitas
17/03/2010,Próstatas y Recesiones,http://nadaesgratis.es/fernandez-villaverde/prostatas-y-recesiones
19/03/2010,Carlos Slim y Bill Gates,http://nadaesgratis.es/fernandez-villaverde/carlos-slim-y-bill-gates
23/03/2010,El Futuro Ya No Es lo que Era,http://nadaesgratis.es/fernandez-villaverde/el-futuro-no-es-lo-que-era
27/03/2010,La LES y las reformas estructurales: el libro,http://nadaesgratis.es/fernandez-villaverde/la-les-y-las-reformas-estructurales-el-libro
31/03/2010,Un Libro para las Vacaciones,http://nadaesgratis.es/fernandez-villaverde/un-libro-para-las-vacaciones
03/04/2010,Dos Manuscritos de Darrell Duffie,http://nadaesgratis.es/fernandez-villaverde/dos-manuscritos-de-darrell-duffie
06/04/2010,Doing Business: un Artículo Invitado de Gustavo Ventura,http://nadaesgratis.es/fernandez-villaverde/doing-business-un-articulo-invitado-de-gustavo-ventura
07/04/2010,Sobre la Política Monetaria Americana,http://nadaesgratis.es/fernandez-villaverde/sobre-la-politica-monetaria-americana
11/04/2010,Tarde de Domingo en TVE-1,http://nadaesgratis.es/fernandez-villaverde/tarde-de-domingo-en-tve-1
15/04/2010,¿Un Regulador Sistémico? I,http://nadaesgratis.es/fernandez-villaverde/%c2%bfun-regulador-sistemico-i
17/04/2010,Vox y Nada es Gratis,http://nadaesgratis.es/fernandez-villaverde/vox-y-nada-es-gratis
21/04/2010,¿Un Regulador Sistémico? II,http://nadaesgratis.es/fernandez-villaverde/%c2%bfun-regulador-sistemico-ii
28/04/2010,Consolidaciones Fiscales en Europa,http://nadaesgratis.es/fernandez-villaverde/consolidaciones-fiscales-en-europa
28/04/2010,25 Años del Decreto Boyer,http://nadaesgratis.es/fernandez-villaverde/25-anos-del-decreto-boyer
01/05/2010,Angus Maddison,http://nadaesgratis.es/fernandez-villaverde/angus-maddison
06/05/2010,¿Un Regulador Sistémico? III,http://nadaesgratis.es/fernandez-villaverde/%c2%bfun-regulador-sistemico-iii
09/05/2010,El Aniversario de Hayek,http://nadaesgratis.es/fernandez-villaverde/el-aniversario-de-hayek
12/05/2010,Consolidación Fiscal,http://nadaesgratis.es/fernandez-villaverde/consolidacion-fiscal
14/05/2010,Lecciones de la Reconversión Industrial para el 2010,http://nadaesgratis.es/fernandez-villaverde/lecciones-de-la-reconversin-industrial-para-el-2010
15/05/2010,El Estado de la Macroeconomía,http://nadaesgratis.es/fernandez-villaverde/el-estado-de-la-macroeconomia
23/05/2010,¿Un Regulador Sistémico? IV,http://nadaesgratis.es/fernandez-villaverde/%c2%bfun-regulador-sistemico-iv
26/05/2010,Estructuras Impositivas: España frente a Suecia,http://nadaesgratis.es/fernandez-villaverde/estructuras-impositivas-espana-frente-a-suecia
28/05/2010,José Viñals en Internet,http://nadaesgratis.es/fernandez-villaverde/jose-vinals-en-internet
30/05/2010,Con out of Economics,http://nadaesgratis.es/fernandez-villaverde/con-out-of-economics
01/06/2010,La Desagradable Aritmética del Ajuste Fiscal,http://nadaesgratis.es/fernandez-villaverde/la-desagradable-aritmetica-del-ajuste-fiscal
04/06/2010,Macroeconomía con Restricciones Financieras,http://nadaesgratis.es/fernandez-villaverde/macroeconomia-con-restricciones-financieras
08/06/2010,La Música y el Análisis Económico,http://nadaesgratis.es/fernandez-villaverde/la-musica-y-el-analisis-economico
13/06/2010,Preguntas sobre NeG,http://nadaesgratis.es/fernandez-villaverde/preguntas-sobre-neg
16/06/2010,Nada Es Gratis Cumple un Año,http://nadaesgratis.es/fernandez-villaverde/nada-es-gratis-cumple-un-ano
22/06/2010,El origen de la recesión,http://nadaesgratis.es/fernandez-villaverde/el-origen-de-la-recesion
23/06/2010,La Ciencia Económica y la Gran Recesión I,http://nadaesgratis.es/fernandez-villaverde/la-ciencia-economica-y-la-gran-recesion
25/06/2010,Mandamientos sobre las Consolidaciones Fiscales,http://nadaesgratis.es/fernandez-villaverde/mandamientos-sobre-las-consolidaciones-fiscales
30/06/2010,La Ciencia Económica y la Gran Recesión II,http://nadaesgratis.es/fernandez-villaverde/la-ciencia-economica-y-la-gran-recesion-ii
04/07/2010,Regreso e Incertidumbre sobre el Futuro,http://nadaesgratis.es/fernandez-villaverde/regreso-e-incertidumbre-sobre-el-futuro
08/07/2010,Actualización del World Economic Outlook,http://nadaesgratis.es/fernandez-villaverde/actualizacion-del-world-economic-outlook
09/07/2010,Cada Vez Somos Más en Internet,http://nadaesgratis.es/fernandez-villaverde/cada-vez-somos-mas-en-internet
13/07/2010,Barreras Arbitrarias,http://nadaesgratis.es/fernandez-villaverde/barreras-arbitrarias
15/07/2010,Implicaciones de Política de Behavioral Economics,http://nadaesgratis.es/fernandez-villaverde/implicaciones-de-politica-de-behavioral-economics
17/07/2010,David Blackwell,http://nadaesgratis.es/fernandez-villaverde/david-blackwell
23/07/2010,Los Ordenadores en la Escuela: Evidencia,http://nadaesgratis.es/fernandez-villaverde/los-ordenadores-en-la-escuela-evidencia
28/07/2010,Los Meses que Vienen,http://nadaesgratis.es/fernandez-villaverde/los-meses-que-vienen
29/07/2010,El Estado de la Macro (Entrega ... ya ni me acuerdo),http://nadaesgratis.es/fernandez-villaverde/el-estado-de-la-macro-entrega-ya-ni-me-acuerdo
31/07/2010,Parada Biológica,http://nadaesgratis.es/fernandez-villaverde/parada-biologica
22/08/2010,Regreso,http://nadaesgratis.es/fernandez-villaverde/regreso
25/08/2010,Más Política Monetaria No Convencional: la Flexibilización Cuantitativa,http://nadaesgratis.es/fernandez-villaverde/mas-politica-monetaria-no-convencional-la-flexibilizacion-cuantitativa
01/09/2010,Más Política Monetaria No Convencional II: Expectativas,http://nadaesgratis.es/fernandez-villaverde/mas-politica-monetaria-no-convencional-ii-expectativas
04/09/2010,Más Sobre las Elecciones en Noviembre: 538,http://nadaesgratis.es/fernandez-villaverde/mas-sobre-las-elecciones-en-noviembre-538
08/09/2010,Entrevista,http://nadaesgratis.es/fernandez-villaverde/entrevista
14/09/2010,Más Política Monetaria No Convencional III: Política Fiscal,http://nadaesgratis.es/fernandez-villaverde/mas-politica-monetaria-no-convencional-iii-politica-fiscal
20/09/2010,Junio del 2009,http://nadaesgratis.es/fernandez-villaverde/junio-del-2009
30/09/2010,That time of year thou mayst in me behold,http://nadaesgratis.es/fernandez-villaverde/that-time-of-year-thou-mayst-in-me-behold
04/10/2010,Recomendaciones de Lectura,http://nadaesgratis.es/fernandez-villaverde/recomendaciones-de-lectura
06/10/2010,La Macroeconomía de la Ambigüedad,http://nadaesgratis.es/fernandez-villaverde/la-macroeconomia-de-la-ambiguedad
07/10/2010,Charla en Oviedo,http://nadaesgratis.es/fernandez-villaverde/charla-en-oviedo
10/10/2010,Pago Final,http://nadaesgratis.es/fernandez-villaverde/pago-final
11/10/2010,Premiados,http://nadaesgratis.es/fernandez-villaverde/premiados
12/10/2010,Recomendaciones de Lectura: Olivier Blanchard y Mike Woodford,http://nadaesgratis.es/lecturas-2/recomendaciones-de-lectura-olivier-blanchard-y-mike-woodford
22/10/2010,Recomendaciones de Lectura: Ley Dodd-Frank,http://nadaesgratis.es/fernandez-villaverde/recomendaciones-de-lectura-ley-dodd-frank
26/10/2010,Críticas a las Reforma de Las Pensiones: Algunas Falacias Comunes I,http://nadaesgratis.es/fernandez-villaverde/criticas-a-las-reforma-de-las-pensiones-algunas-falacias-comunes-i
02/11/2010,Foto Oficial de NEG,http://nadaesgratis.es/fernandez-villaverde/foto-oficial-de-neg
02/11/2010,Críticas a las Reforma de Las Pensiones: Algunas Falacias Comunes II,http://nadaesgratis.es/fernandez-villaverde/criticas-a-las-reforma-de-las-pensiones-algunas-falacias-comunes-ii
03/11/2010,La Reforma de las Pensiones: Un Decalogo para  Negadores (y Negados),http://nadaesgratis.es/fernandez-villaverde/7293
05/11/2010,Agricultores y Pensiones,http://nadaesgratis.es/fernandez-villaverde/agricultores-y-pensiones
09/11/2010,Críticas a las Reforma de Las Pensiones: Algunas Falacias Comunes III,http://nadaesgratis.es/fernandez-villaverde/criticas-a-las-reforma-de-las-pensiones-algunas-falacias-comunes-iii
11/11/2010,Recomendaciones de Lectura,http://nadaesgratis.es/fernandez-villaverde/recomendaciones-de-lectura-2
28/11/2010,La Bancarrota Necesaria,http://nadaesgratis.es/fernandez-villaverde/la-bancarrota-necesaria
01/12/2010,Ruido y Ataques Especulativos,http://nadaesgratis.es/fernandez-villaverde/ruido-y-ataques-especulativos
05/12/2010,La geometría de las radiales de la capital de David Taguas,http://nadaesgratis.es/fernandez-villaverde/la-geometria-de-las-radiales-de-la-capital-de-david-taguas
08/12/2010,Mi Sobrina y PISA,http://nadaesgratis.es/fernandez-villaverde/mi-sobrina-y-pisa
14/12/2010,Solo para Emigrantes (Académicos),http://nadaesgratis.es/fernandez-villaverde/solo-para-emigrantes-academicos
17/12/2010,Wikileaks y la Teoría Económica,http://nadaesgratis.es/fernandez-villaverde/wikileaks-y-la-teoria-economica
21/12/2010,Millones y Millones de Precios,http://nadaesgratis.es/fernandez-villaverde/millones-y-millones-de-precios
22/12/2010,¿Cómo crecen las ciudades? por David Cuberes,http://nadaesgratis.es/fernandez-villaverde/%c2%bfcomo-crecen-las-ciudades-by-david-cuberes
24/12/2010,¡Feliz Navidad a Todos Nuestros Lectores!,http://nadaesgratis.es/fernandez-villaverde/%c2%a1feliz-navidad-a-todos-nuestros-lectores
01/01/2011,¿Hay Derecho?,http://nadaesgratis.es/fernandez-villaverde/%c2%bfhay-derecho
01/01/2011,Somos Malos Estudiantes,http://nadaesgratis.es/fernandez-villaverde/somos-malos-estudiantes
02/01/2011,No Cambiemos la Legislación Hipotecaria sin Pensarlo Bien,http://nadaesgratis.es/fernandez-villaverde/no-cambiemos-la-legislacion-hipotecaria-sin-pensarlo-bien
03/01/2011,Móviles,http://nadaesgratis.es/fernandez-villaverde/moviles
04/01/2011,Spreads,http://nadaesgratis.es/fernandez-villaverde/8708
05/01/2011,Denver 2011,http://nadaesgratis.es/fernandez-villaverde/denver-2011
12/01/2011,¿Es el AVE Verde? de Ginés de Rus,http://nadaesgratis.es/fernandez-villaverde/%c2%bfes-el-ave-verde-de-gines-de-rus
14/01/2011,Casualidades de la Vida: Unidad de Mercado,http://nadaesgratis.es/fernandez-villaverde/casualidades-de-la-vida-unidad-de-mercado
14/01/2011,Diez razones para que el rescate no alcance a España de Guillermo de la Dehesa,http://nadaesgratis.es/fernandez-villaverde/diez-razones-para-que-el-rescate-no-alcance-a-espana-de-guillermo-de-la-dehesa
19/01/2011,Las Caras Sucias,http://nadaesgratis.es/fernandez-villaverde/las-caras-sucias
25/01/2011,Sin Alcaldes Se Vive Mejor,http://nadaesgratis.es/fernandez-villaverde/sin-alcaldes-se-vive-mejor
09/02/2011,Democracia y crecimiento económico volátil,http://nadaesgratis.es/fernandez-villaverde/democracia-y-crecimiento-economico-volatil-de-david-cuberes
16/02/2011,"100 Años, 20 Trabajos",http://nadaesgratis.es/fernandez-villaverde/100-anos-20-trabajos
26/02/2011,Existen Mejores Maneras de Ahorrar Energía,http://nadaesgratis.es/fernandez-villaverde/existen-mejores-maneras-de-ahorrar-energia
01/03/2011,John Williams,http://nadaesgratis.es/fernandez-villaverde/john-williams
05/03/2011,Gane Quien Gane Será un Mal Resultado: Gobernanza de la Universidad y Elecciones Rectorales,http://nadaesgratis.es/fernandez-villaverde/gane-quien-gane-sera-un-mal-resultado-gobernanza-de-las-universidad-y-elecciones-rectorales
15/03/2011,Japón: Beneficios y Costes del Crecimiento Económico,http://nadaesgratis.es/fernandez-villaverde/japon-beneficios-y-costes-del-crecimiento-economico
19/03/2011,Operas y Crecimiento,http://nadaesgratis.es/fernandez-villaverde/operas-y-crecimiento
20/03/2011,Incentivos y Moody's,http://nadaesgratis.es/fernandez-villaverde/incentivos-y-moodys
24/03/2011,Desde Portugal,http://nadaesgratis.es/fernandez-villaverde/desde-portugal
24/03/2011,John Milnor,http://nadaesgratis.es/fernandez-villaverde/john-milnor
25/03/2011,Mi Lavavajillas Limpia Fatal,http://nadaesgratis.es/fernandez-villaverde/mi-lavavajillas-limpia-fatal
26/03/2011,Mi tío Napoleón,http://nadaesgratis.es/fernandez-villaverde/mi-tio-napoleon
27/03/2011,Más Sobre Incentivos y Moody’s,http://nadaesgratis.es/fernandez-villaverde/mas-sobre-incentivos-y-moody%e2%80%99s
01/04/2011,Comisión Asesora de Competitividad,http://nadaesgratis.es/fernandez-villaverde/comision-asesora-de-competitividad
03/04/2011,El Desayuno del Domingo y la CAM,http://nadaesgratis.es/fernandez-villaverde/el-desayuno-del-domingo-y-la-cam
06/04/2011,NeG Visual y Básico: Seguimos Parados,http://nadaesgratis.es/fernandez-villaverde/seguimos-parados
17/04/2011,Recomendaciones de Lectura: China,http://nadaesgratis.es/fernandez-villaverde/recomendaciones-de-lectura-china
18/04/2011,"¿Españoles? No, Gracias",http://nadaesgratis.es/fernandez-villaverde/%c2%bfespanoles-no-gracias
21/04/2011,Sobre la Imposibilidad de Mercados Informacionalmente Eficientes,http://nadaesgratis.es/fernandez-villaverde/sobre-la-imposibilidad-de-mercados-informacionalmente-eficientes
21/04/2011,Entrevista con Blanchard,http://nadaesgratis.es/fernandez-villaverde/entrevista-con-blanchard
24/04/2011,La flexibilización cuantitativa después de varios meses,http://nadaesgratis.es/fernandez-villaverde/la-flexibilizacion-cuantitativa-despues-de-varios-meses
26/04/2011,¿Cómo Deberíamos Elegir a los Diputados? I,http://nadaesgratis.es/fernandez-villaverde/%c2%bfcomo-deberiamos-elegir-a-los-diputados-i
29/04/2011,Un Par de Enlaces,http://nadaesgratis.es/fernandez-villaverde/un-par-de-enlaces
04/05/2011,El Futuro del Euro,http://nadaesgratis.es/fernandez-villaverde/el-futuro-del-euro
04/05/2011,¿Cómo Deberíamos Elegir a los Diputados? II,http://nadaesgratis.es/fernandez-villaverde/%c2%bfcomo-deberiamos-elegir-a-los-diputados-ii
06/05/2011,Leyendo desde el Tren,http://nadaesgratis.es/fernandez-villaverde/leyendo-desde-el-tren
11/05/2011,Reestructuración,http://nadaesgratis.es/fernandez-villaverde/reestructuracion
11/05/2011,¿Qué Queremos Decir los Economistas cuando Decimos que los Mercados Financieros son Eficientes?,http://nadaesgratis.es/fernandez-villaverde/%c2%bfque-queremos-decir-los-economistas-cuando-decimos-que-los-mercados-financieros-son-eficientes
12/05/2011,Steven Orszag,http://nadaesgratis.es/fernandez-villaverde/steven-orszag
14/05/2011,Avance Tecnológico en la Música,http://nadaesgratis.es/fernandez-villaverde/avance-tecnologico-en-la-musica
17/05/2011,Barreras Institucionales al Crecimiento,http://nadaesgratis.es/fernandez-villaverde/barreras-institucionales-al-crecimiento
17/05/2011,Recomendaciones de Lectura,http://nadaesgratis.es/fernandez-villaverde/recomendaciones-de-lectura-3
18/05/2011,El Mito de las Listas Abiertas,http://nadaesgratis.es/fernandez-villaverde/el-mito-de-las-listas-abiertas
19/05/2011,El Mundo no se Acaba el Día 21,http://nadaesgratis.es/fernandez-villaverde/el-mundo-no-se-acaba-el-dia-21
21/05/2011,"En EE.UU., el Reino Unido o Australia, NO tienen listas abiertas",http://nadaesgratis.es/fernandez-villaverde/en-ee-uu-el-reino-unido-o-australia-no-tienen-listas-abiertas
21/05/2011,"No es Esto, No es Esto",http://nadaesgratis.es/fernandez-villaverde/no-es-esto-no-es-esto
22/05/2011,Mientras Esperamos Los Resultados,http://nadaesgratis.es/fernandez-villaverde/mientras-esperamos-los-resultados
24/05/2011,Un Nuevo Sistema Electoral para España,http://nadaesgratis.es/fernandez-villaverde/un-nuevo-sistema-electoral-para-espana
29/05/2011,La Sociedad Sin Dinero en Metálico y la Cota Cero,http://nadaesgratis.es/fernandez-villaverde/la-sociedad-sin-dinero-en-metalico-y-la-cota-cero
06/06/2011,Peter Diamond y el Fed,http://nadaesgratis.es/fernandez-villaverde/peter-diamond-y-el-fed
08/06/2011,Sistemas Electorales y Estructuras de Partidos,http://nadaesgratis.es/fernandez-villaverde/%c2%bfcomo-deberiamos-elegir-a-los-diputados-iii
10/06/2011,Juan de Mercado,http://nadaesgratis.es/fernandez-villaverde/juan-de-mercado
10/06/2011,NeG en el Financial Times,http://nadaesgratis.es/fernandez-villaverde/neg-en-el-financial-times
12/06/2011,Un Mejor Candidato,http://nadaesgratis.es/fernandez-villaverde/un-mejor-candidato
13/06/2011,Testigos,http://nadaesgratis.es/fernandez-villaverde/testigos
14/06/2011,"Borges, Mapas y Economía",http://nadaesgratis.es/fernandez-villaverde/borges-mapas-y-economia
17/06/2011,Difusión y Heterodoxia,http://nadaesgratis.es/fernandez-villaverde/difusion-y-heterodoxia
19/06/2011,Economía Experimental y del Comportamiento en Español,http://nadaesgratis.es/fernandez-villaverde/economia-experimental-y-del-comportamiento-en-espanol
20/06/2011,Indignados con la Universidad (de Vigo): Plagios y Caradura,http://nadaesgratis.es/fernandez-villaverde/indignados-con-la-universidad-de-vigo-plagios-y-caradura
21/06/2011,Experimentos con Nuestro Sistema Electoral I,http://nadaesgratis.es/fernandez-villaverde/experimentos-con-nuestro-sistema-electoral
22/06/2011,Macarrones con chorizo pero sin macarrones ni chorizo: Nacionalistas y Bipartidismo,http://nadaesgratis.es/fernandez-villaverde/macarrones-con-chorizo-pero-sin-macarrones-ni-chorizo-nacionalistas-y-bipartidismo
24/06/2011,Piled Higher and Deeper: La Película,http://nadaesgratis.es/fernandez-villaverde/piled-higher-and-deeper-la-pelicula
25/06/2011,¿Cómo le confieso a mis hijos que soy economista? (por Juan de Mercado),http://nadaesgratis.es/mercado/%c2%bfcomo-le-confieso-a-mis-hijos-que-soy-economista-por-juan-de-mercado
26/06/2011,Suecia Me Gusta,http://nadaesgratis.es/fernandez-villaverde/suecia-me-gusta
26/06/2011,Política de Comentarios,http://nadaesgratis.es/fernandez-villaverde/politica-de-comentarios
29/06/2011,Filtrar es difícil: Argentina y las malas políticas,http://nadaesgratis.es/fernandez-villaverde/filtrar-es-dificil
02/07/2011,Tipos de Interés Real Negativos,http://nadaesgratis.es/fernandez-villaverde/tipos-de-interes-real-negativos
03/07/2011,La caja que no cesa,http://nadaesgratis.es/fernandez-villaverde/la-caja-que-no-cesa
06/07/2011,López Rodó o las contradicciones de la tecnocracia (primera parte),http://nadaesgratis.es/fernandez-villaverde/lopez-rodo-o-las-contradicciones-de-la-tecnocracia-primera-parte
09/07/2011,Rubalcaba lee NadaEsGratis,http://nadaesgratis.es/fernandez-villaverde/rubalcaba-lee-nadaesgratis
13/07/2011,López Rodó o las contradicciones de la tecnocracia (segunda parte),http://nadaesgratis.es/fernandez-villaverde/lopez-rodo-o-las-contradicciones-de-la-tecnocracia-segunda-parte
18/07/2011,Grecia desde Argentina,http://nadaesgratis.es/fernandez-villaverde/grecia-desde-argentina
20/07/2011,Experimentos con Nuestro Sistema Electoral II,http://nadaesgratis.es/fernandez-villaverde/experimentos-con-nuestro-sistema-electoral-ii
23/07/2011,Sobresaltos,http://nadaesgratis.es/fernandez-villaverde/sobresaltos
26/07/2011,Lucha de Clases en Boston,http://nadaesgratis.es/fernandez-villaverde/lucha-de-clases-en-boston
28/07/2011,David Glasner tiene un blog,http://nadaesgratis.es/fernandez-villaverde/david-glasner-tiene-un-blog
29/07/2011,Cómo nos ven desde fuera,http://nadaesgratis.es/fernandez-villaverde/como-nos-ven-desde-fuera
29/07/2011,Sistemas Electorales: Un Resumen,http://nadaesgratis.es/fernandez-villaverde/sistemas-electorales-un-resumen
31/07/2011,Parada de vacaciones y resumen del año,http://nadaesgratis.es/fernandez-villaverde/parada-de-vacaciones
06/08/2011,Breve Interrupción de las Vacaciones I: S&P no sabe contar,http://nadaesgratis.es/fernandez-villaverde/breve-interrupcion-de-las-vacaciones-i-sp-no-sabe-contar
07/08/2011,Breve Interrupción de las Vacaciones II: El Götterdämmerung del BCE,http://nadaesgratis.es/fernandez-villaverde/breve-interrupcion-de-las-vacaciones-ii-el-gotterdammerung-del-bce
08/08/2011,Breve Interrupción de las Vacaciones III: Más sobre S&P,http://nadaesgratis.es/fernandez-villaverde/breve-interrupcion-de-las-vacaciones-i-mas-sobre-sp
10/08/2011,Breve Interrupción de las Vacaciones IV: tipos de interés e inflación,http://nadaesgratis.es/fernandez-villaverde/breve-parada-de-vacaciones-iv-tipos-de-interes-e-inflacion
12/08/2011,Breve Interrupción de las Vacaciones V: la CNMV se equivoca,http://nadaesgratis.es/fernandez-villaverde/breve-interrupcion-de-las-vacaciones-iv-la-cnmv-se-equivoca
14/08/2011,Breve Interrupción de las Vacaciones VI: la crisis de deuda vista desde Argentina,http://nadaesgratis.es/fernandez-villaverde/breve-interrupcion-de-las-vacaciones-vi-la-crisis-de-deuda-vista-desde-argentina
18/08/2011,Breve Interrupción de las Vacaciones VIII: Falta de Liderazgo,http://nadaesgratis.es/fernandez-villaverde/breve-interrupcion-de-las-vacaciones-viii-falta-de-liderazgo
21/08/2011,Los Deberes del Nuevo Gobierno,http://nadaesgratis.es/fernandez-villaverde/los-deberes-del-nuevo-gobierno
23/08/2011,Reformar la Constitución: Unas primeras ideas,http://nadaesgratis.es/fernandez-villaverde/reformar-la-constitucion-unas-primeras-ideas
24/08/2011,Sobre la Reforma de la Constitución: La Necesaria Flexibilidad de las Reglas Fiscales,http://nadaesgratis.es/fernandez-villaverde/la-necesaria-flexibilidad-de-las-reglas-fiscales
25/08/2011,"Ils ne sont pas fous, ces Goths!",http://nadaesgratis.es/fernandez-villaverde/ils-ne-sont-pas-fous-ces-goths
26/08/2011,Redacción del nuevo artículo 135: una valoración provisional,http://nadaesgratis.es/fernandez-villaverde/redaccion-del-nuevo-articulo-135-una-valoracion-provisional
27/08/2011,Cascos no sabe Historia,http://nadaesgratis.es/fernandez-villaverde/cascos-no-sabe-historia
28/08/2011,Chile también tiene una regla fiscal,http://nadaesgratis.es/fernandez-villaverde/chile-tambien-tiene-una-regla-fiscal
28/08/2011,La  Sostenibilidad Fiscal: Una Nota sobre su Origen Histórico,http://nadaesgratis.es/fernandez-villaverde/la-sostenibilidad-fiscal-una-nota-sobre-su-origen-historico
30/08/2011,Más sobre las reglas fiscales en Chile,http://nadaesgratis.es/fernandez-villaverde/mas-sobre-las-reglas-fiscales-en-chile
31/08/2011,Mike Woodford y QE3,http://nadaesgratis.es/fernandez-villaverde/mike-woodford-y-qe3
01/09/2011,Reglas fiscales por el mundo,http://nadaesgratis.es/fernandez-villaverde/reglas-fiscales-por-el-mundo
04/09/2011,Una Foto en Belmont,http://nadaesgratis.es/fernandez-villaverde/una-foto-en-belmont
06/09/2011,El Impuesto de Patrimonio Es una Mala Idea,http://nadaesgratis.es/fernandez-villaverde/el-impuesto-de-patrimonio-es-una-mala-idea
08/09/2011,Malos Hábitos,http://nadaesgratis.es/fernandez-villaverde/malos-habitos
09/09/2011,"Bye, bye Jürgen Stark",http://nadaesgratis.es/fernandez-villaverde/bye-bye-jurgen-stark
10/09/2011,Estadística Espectacular,http://nadaesgratis.es/fernandez-villaverde/estadistica-espectacular
11/09/2011,Gonna party like it's 1937,http://nadaesgratis.es/fernandez-villaverde/gonna-party-like-its-1937
14/09/2011,Estomago contra Cabeza,http://nadaesgratis.es/fernandez-villaverde/estomago-contra-cabeza
15/09/2011,En el centenario de Schumacher,http://nadaesgratis.es/fernandez-villaverde/en-el-centenario-de-schumacher
23/09/2011,Así No: Una Alternativa a la Venta de la CAM,http://nadaesgratis.es/fernandez-villaverde/asi-no-una-alternativa-a-la-venta-de-la-cam
23/09/2011,Manuel Jesús González,http://nadaesgratis.es/fernandez-villaverde/manuel-jesus-gonzalez
24/09/2011,El Coste de la CAM: comparaciones,http://nadaesgratis.es/fernandez-villaverde/el-coste-de-la-cam-comparaciones
24/09/2011,Números amargos,http://nadaesgratis.es/fernandez-villaverde/numeros-amargos
25/09/2011,Información financiera intermedia de la CAM en la CNMV,http://nadaesgratis.es/fernandez-villaverde/informacion-financiera-intermedia-de-la-cam-en-la-cnmv
28/09/2011,En todos sitios cuecen habas,http://nadaesgratis.es/fernandez-villaverde/en-todos-sitios-cuecen-habas
28/09/2011,Lo que mal empieza mal acaba: el recibo de la luz,http://nadaesgratis.es/fernandez-villaverde/lo-que-mal-empieza-mal-acaba-el-recibo-de-la-luz
29/09/2011,Nada es Gratis: el libro,http://nadaesgratis.es/fernandez-villaverde/nada-es-gratis-el-libro
02/10/2011,"CAM, CAM, CAM....",http://nadaesgratis.es/fernandez-villaverde/cam-cam-cam
03/10/2011,Video de Keynes,http://nadaesgratis.es/fernandez-villaverde/video-de-keynes
03/10/2011,La Recuperación: ni está ni se le espera,http://nadaesgratis.es/fernandez-villaverde/la-recuperacion-ni-esta-ni-se-le-espera
04/10/2011,Italia versus España,http://nadaesgratis.es/fernandez-villaverde/italia-versus-espana
04/10/2011,De Levante a Galicia,http://nadaesgratis.es/fernandez-villaverde/de-levante-a-galicia
05/10/2011,Los Poderes del Estado: Cajas e Indemnizaciones,http://nadaesgratis.es/fernandez-villaverde/los-poderes-del-estado-cajas-e-indemnizaciones
10/10/2011,Sargent y Sims: Una Apreciación,http://nadaesgratis.es/fernandez-villaverde/sargent-y-sims-una-apreciacion
11/10/2011,Sargent y Sims: la Conferencia de Prensa,http://nadaesgratis.es/fernandez-villaverde/sargent-y-sims-la-conferencia-de-prensa
12/10/2011,SVARs: un resumen básico,http://nadaesgratis.es/fernandez-villaverde/svars-un-resumen-basico
12/10/2011,"James Bond, Venezuela y el Crecimiento Económico",http://nadaesgratis.es/fernandez-villaverde/james-bond-venezuela-y-el-crecimiento-economico
13/10/2011,Sargent y Sims: Lars Peter Hansen,http://nadaesgratis.es/fernandez-villaverde/sargent-y-sims-lars-peter-hansen
19/10/2011,After Keynesian Macroeconomics,http://nadaesgratis.es/fernandez-villaverde/after-keynesian-macroeconomics
19/10/2011,La Reforma Electoral: Firmas y Candidaturas,http://nadaesgratis.es/fernandez-villaverde/la-reforma-electoral-firmas-y-candidaturas
25/10/2011,La Reforma Electoral: Firmas y Candidaturas II,http://nadaesgratis.es/fernandez-villaverde/la-reforma-electoral-firmas-y-candidaturas-ii
30/10/2011,Tom Sargent en el NYT,http://nadaesgratis.es/fernandez-villaverde/tom-sargent-en-el-nyt
01/11/2011,"Otra reunión, otro fracaso",http://nadaesgratis.es/fernandez-villaverde/otra-reunion-otro-fracaso
02/11/2011,Presentación del Tesoro,http://nadaesgratis.es/fernandez-villaverde/presentacion-del-tesoro
02/11/2011,Como Interpretar la Evidencia Empírica I,http://nadaesgratis.es/fernandez-villaverde/como-interpretar-la-evidencia-empirica-i
06/11/2011,El Error Martínez Noval,http://nadaesgratis.es/fernandez-villaverde/el-error-martinez-noval
06/11/2011,Sobre los controladores aéreos y sus huelgas,http://nadaesgratis.es/fernandez-villaverde/sobre-los-controladores-aereos-y-sus-huelgas
08/11/2011,Mapa Lingüístico de la Península en Tiempo Real,http://nadaesgratis.es/fernandez-villaverde/mapa-linguistico-de-la-peninsula-en-tiempo-real
08/11/2011,Luis en La tribu de Catalunya Ràdio,http://nadaesgratis.es/fernandez-villaverde/luis-en-la-tribu-de-catalunya-radio
08/11/2011,"Mi barba tiene tres pelos, tres pelos tiene mi barba",http://nadaesgratis.es/fernandez-villaverde/mi-barba-tiene-tres-pelos-tres-pelos-tiene-mi-barba
10/11/2011,De lo que uno no sabe...,http://nadaesgratis.es/fernandez-villaverde/de-lo-que-uno-no-sabe
11/11/2011,¿Encuestas Electorales Públicas?,http://nadaesgratis.es/fernandez-villaverde/%c2%bfencuestas-electorales-publicas
11/11/2011,2 Céntimos,http://nadaesgratis.es/fernandez-villaverde/2-centimos
12/11/2011,Historias de Malos y Malos,http://nadaesgratis.es/fernandez-villaverde/historias-de-malos-y-malos
16/11/2011,Solo si tiene usted ganas de llorar...,http://nadaesgratis.es/fernandez-villaverde/solo-si-tiene-usted-ganas-de-llorar
19/11/2011,Las consecuencias económicas del señor Zapatero,http://nadaesgratis.es/fernandez-villaverde/las-consecuencias-economicas-del-senor-zapatero
20/11/2011,Recomendaciones de Lectura,http://nadaesgratis.es/fernandez-villaverde/recomendaciones-de-lectura-5
29/11/2011,La Reforma Electoral en la Comunidad de Madrid: Una Valoración Rápida,http://nadaesgratis.es/fernandez-villaverde/la-reforma-electoral-en-la-comunidad-de-madrid-una-valoracion-rapida
02/12/2011,"Dennis Ritchie, el Iphone y la intervención pública",http://nadaesgratis.es/fernandez-villaverde/dennis-ritchie-el-iphone-y-la-intervencion-publica
04/12/2011,Sargent y Sims en el NYT,http://nadaesgratis.es/fernandez-villaverde/sargent-y-sims-en-el-nyt
05/12/2011,¿Por qué no funcionan las cosas en España?,http://nadaesgratis.es/fernandez-villaverde/%c2%bfpor-que-no-funcionan-las-cosas-en-espana
07/12/2011,"Estados Unidos entonces, Europa Ahora",http://nadaesgratis.es/fernandez-villaverde/estados-unidos-entonces-europa-ahora
09/12/2011,La Cumbre II,http://nadaesgratis.es/fernandez-villaverde/la-cumbre-ii
10/12/2011,La Cumbre V,http://nadaesgratis.es/fernandez-villaverde/la-cumbre-v
10/12/2011,La Cumbre IV,http://nadaesgratis.es/fernandez-villaverde/la-cumbre-iv
11/12/2011,The Prize Lectures: Sargent and Sims,http://nadaesgratis.es/fernandez-villaverde/the-prize-lectures-sargent-and-sims
11/12/2011,The Wisdom of Sir Humphrey Appleby,http://nadaesgratis.es/fernandez-villaverde/the-wisdom-of-sir-humphrey-appleby
14/12/2011,La Cumbre VI,http://nadaesgratis.es/fernandez-villaverde/la-cumbre-vi
14/12/2011,La Demagogia de los Hechos 50 años después,http://nadaesgratis.es/fernandez-villaverde/la-demagogia-de-los-hechos-50-anos-despues
17/12/2011,Predicciones Electorales en EE.UU.,http://nadaesgratis.es/fernandez-villaverde/predicciones-electorales-en-ee-uu
28/12/2011,"Muerte en Corea, o ¿funciona la política industrial?",http://nadaesgratis.es/fernandez-villaverde/muerte-en-corea-o-funciona-la-politica-industrial
30/12/2011,La Desagradable Aritmética del Ajuste Fiscal y Nosotros,http://nadaesgratis.es/fernandez-villaverde/la-desagrable-aritmetica-del-ajuste-fiscal-y-nosotros
31/12/2011,"Siempre fuiste un Euro muy corriente, serias depresiones al cumplir los 10",http://nadaesgratis.es/fernandez-villaverde/siempre-fuiste-un-euro-muy-corriente-serias-depresiones-al-cumplir-los-10
10/01/2012,Las Aventuras de Niall Ferguson I,http://nadaesgratis.es/fernandez-villaverde/las-aventuras-de-niall-ferguson-i
11/01/2012,Las Aventuras de Niall Ferguson II,http://nadaesgratis.es/fernandez-villaverde/las-aventuras-de-niall-ferguson-ii
14/01/2012,Las Aventuras de Niall Ferguson III,http://nadaesgratis.es/fernandez-villaverde/las-aventuras-de-niall-ferguson-iii
18/01/2012,Mi Senador e Internet,http://nadaesgratis.es/fernandez-villaverde/mi-senador-e-internet
19/01/2012,A que nos dedicamos de verdad,http://nadaesgratis.es/fernandez-villaverde/a-que-nos-dedicamos-de-verdad
24/01/2012,"Declaraciones de Hacienda de Obama, Romney y Gingrich",http://nadaesgratis.es/fernandez-villaverde/declaraciones-de-hacienda-de-obama-romney-y-gingrich
27/01/2012,"¿Ayudas para el nuevo casino en Madrid? No, gracias",http://nadaesgratis.es/fernandez-villaverde/nuevo-casino-en-madrid-no-gracias
30/01/2012,The Economist y China,http://nadaesgratis.es/fernandez-villaverde/the-economist-y-china
11/02/2012,Resulta que soy poderoso y no me había enterado...,http://nadaesgratis.es/fernandez-villaverde/resulta-que-soy-poderoso-y-no-me-habia-enterado
12/02/2012,What have the romans ever done for us?,http://nadaesgratis.es/fernandez-villaverde/what-have-the-romans-ever-done-for-us
17/02/2012,El Anteproyecto de Ley Orgánica de Estabilidad Presupuestaria y Sostenibilidad Financiera: Una Oportunidad Perdida I,http://nadaesgratis.es/fernandez-villaverde/sobre-el-anteproyecto-de-ley-organica-de-estabilidad-presupuestaria-y-sostenibilidad-financiera-de-las-administraciones-publicas-una-oportunidad-perdida-i
18/02/2012,El Anteproyecto de Ley Orgánica de Estabilidad Presupuestaria y Sostenibilidad Financiera: Una Oportunidad Perdida II,http://nadaesgratis.es/fernandez-villaverde/el-anteproyecto-de-ley-organica-de-estabilidad-presupuestaria-y-sostenibilidad-financiera-una-oportunidad-perdida-ii
19/02/2012,El Anteproyecto de Ley Orgánica de Estabilidad Presupuestaria y Sostenibilidad Financiera: Una Oportunidad Perdida III,http://nadaesgratis.es/fernandez-villaverde/el-anteproyecto-de-ley-organica-de-estabilidad-presupuestaria-y-sostenibilidad-financiera-una-oportunidad-perdida-iii
21/02/2012,El Casino de Madrid a Barcelona,http://nadaesgratis.es/fernandez-villaverde/el-casino-de-madrid-a-barcelona
25/02/2012,Proyectos Existenciales Distintos,http://nadaesgratis.es/fernandez-villaverde/proyectos-existenciales-distintos
27/02/2012,8.51% o como empezar la semana llorando,http://nadaesgratis.es/fernandez-villaverde/8-51-o-como-empezar-la-semana-llorando
29/02/2012,Sistema Electoral,http://nadaesgratis.es/fernandez-villaverde/sistema-electoral
03/03/2012,"Oro, Oro, Oro: La cámara acorazada del Fed de Nueva York",http://nadaesgratis.es/fernandez-villaverde/oro-oro-oro-la-camara-acorazada-del-fed-de-nueva-york
04/03/2012,¿Cuántos españoles quedan vivos que votaron la república en 1931?,http://nadaesgratis.es/fernandez-villaverde/cuantos-espanoles-quedan-vivos-que-votaron-la-republica-en-1931
05/03/2012,Métodos cuantitativos y Obama,http://nadaesgratis.es/fernandez-villaverde/metodos-cuantitativos-y-obama
08/03/2012,Renfe: quiero un quiet car,http://nadaesgratis.es/fernandez-villaverde/renfe-quiero-un-quiet-car
11/03/2012,El cambio climático y la política económica,http://nadaesgratis.es/fernandez-villaverde/el-cambio-climatico-y-la-politica-economica
13/03/2012,Lecturas sobre economía del cambio climático,http://nadaesgratis.es/fernandez-villaverde/lecturas-sobre-economia-del-cambio-climatico
15/03/2012,Sin indemnización ni pensión,http://nadaesgratis.es/fernandez-villaverde/sin-indemnizacion-ni-pension
16/03/2012,España y la doble recesión,http://nadaesgratis.es/fernandez-villaverde/espana-y-la-doble-recesion
21/03/2012,Más sobre sistemas electorales: Alemania y listas abiertas,http://nadaesgratis.es/fernandez-villaverde/mas-sobre-sistemas-electorales-alemania-y-listas-abiertas
24/03/2012,Copyrights: fuera de control,http://nadaesgratis.es/fernandez-villaverde/copyrights-fuera-de-control
24/03/2012,Las Falacias de los Defensores de la Propiedad Intelectual,http://nadaesgratis.es/fernandez-villaverde/las-falacias-de-los-defensores-de-la-propiedad-intelectual
25/03/2012,Don Jerónimo González en el Siglo XXI,http://nadaesgratis.es/fernandez-villaverde/don-jeronimo-gonzalez-en-el-siglo-xxi
25/03/2012,Los verdaderos creadores intelectuales,http://nadaesgratis.es/fernandez-villaverde/los-verdaderos-creadores-intelectuales
26/03/2012,Separación de Poderes en Acción,http://nadaesgratis.es/fernandez-villaverde/separacion-de-poderes-en-accion
27/03/2012,Cuando las patentes atacan,http://nadaesgratis.es/fernandez-villaverde/cuando-las-patentes-atacan
27/03/2012,Bach y el copyright,http://nadaesgratis.es/fernandez-villaverde/bach-y-el-copyright
28/03/2012,Walter Benjamin y la obra de arte moderna,http://nadaesgratis.es/fernandez-villaverde/walter-benjamin-y-la-obra-de-arte
29/03/2012,Adrienne Rich,http://nadaesgratis.es/fernandez-villaverde/adrienne-rich
01/04/2012,Hal White,http://nadaesgratis.es/fernandez-villaverde/hal-white
02/04/2012,"Hal White: In memoriam, por Òscar Jordà",http://nadaesgratis.es/fernandez-villaverde/hal-white-in-memoriam-por-oscar-jorda
10/04/2012,El Plan del Barón Zeta,http://nadaesgratis.es/fernandez-villaverde/el-plan-del-baron-zeta
11/04/2012,"Dietas Fiscales ""Milagrosas""",http://nadaesgratis.es/fernandez-villaverde/dietas-fiscales-milagrosas
13/04/2012,Wert no sabe contar,http://nadaesgratis.es/fernandez-villaverde/wert-no-sabe-contar
06/06/2012,Nuestros Motivos y el Artículo de EL PAIS,http://nadaesgratis.es/fernandez-villaverde/nuestros-motivos-y-el-articulo-de-el-pais
09/06/2012,"Soy muy, muy malvado....",http://nadaesgratis.es/fernandez-villaverde/soy-muy-muy-malvado
17/06/2012,El rescate y los meses que nos vienen,http://nadaesgratis.es/fernandez-villaverde/el-rescate-y-los-meses-que-nos-vienen
28/06/2012,"John Roberts, Ben Bernanke y los servidores del Estado",http://nadaesgratis.es/fernandez-villaverde/john-roberts-ben-bernanke-y-los-servidores-del-estado
07/07/2012,Nuestras Instituciones,http://nadaesgratis.es/fernandez-villaverde/nuestras-instituciones
08/07/2012,Más sobre reforma de instituciones,http://nadaesgratis.es/fernandez-villaverde/mas-sobre-reforma-de-instituciones
08/07/2012,Sobre Cambios Institucionales,http://nadaesgratis.es/fernandez-villaverde/sobre-cambios-institucionales
10/07/2012,Consejo de Política Fiscal,http://nadaesgratis.es/fernandez-villaverde/consejo-de-politica-fiscal
20/07/2012,¿Como mejorar el sistema de acceso a la función pública? (I),http://nadaesgratis.es/fernandez-villaverde/como-mejorar-el-sistema-de-acceso-a-la-funcion-publica-i
27/07/2012,¿Como mejorar el sistema de acceso a la función publica? (y II),http://nadaesgratis.es/fernandez-villaverde/como-mejorar-el-sistema-de-acceso-a-la-funcion-publica-y-ii
23/02/2013,De Adendas y Demás,http://nadaesgratis.es/fernandez-villaverde/de-adendas-y-demas
24/02/2013,Selección de Rectores,http://nadaesgratis.es/fernandez-villaverde/seleccion-de-rectores
18/04/2013,R,http://nadaesgratis.es/fernandez-villaverde/r
30/04/2013,La Economía Política de las Burbujas: el caso del Euro,http://nadaesgratis.es/fernandez-villaverde/la-economia-politica-de-las-burbujas-y-el-euro
13/06/2013,Robert Fogel,http://nadaesgratis.es/fernandez-villaverde/robert-fogel
15/06/2013,Historia y Ciencias Sociales: 5 Libros,http://nadaesgratis.es/fernandez-villaverde/historia-y-ciencias-sociales-5-libros
07/07/2013,El Sistema Educativo en España: Una Visión Distinta,http://nadaesgratis.es/fernandez-villaverde/31824
23/07/2013,Teoría del Caos en Economía,http://nadaesgratis.es/fernandez-villaverde/teoria-del-caos-en-economia
06/09/2013,¡Todos con Tokio 2020!,http://nadaesgratis.es/fernandez-villaverde/todos-con-tokio-2020
28/09/2013,Controles y Contrapesos,http://nadaesgratis.es/fernandez-villaverde/controles-y-contrapesos
26/04/2014,"Leo, R y Github",http://nadaesgratis.es/fernandez-villaverde/leo-r-y-github
02/05/2014,Milton Friedman,http://nadaesgratis.es/fernandez-villaverde/milton-friedman
04/05/2014,Plagios y Consecuencias,http://nadaesgratis.es/fernandez-villaverde/plagios-y-consecuencias
06/05/2014,Día Internacional Contra el DRM,http://nadaesgratis.es/fernandez-villaverde/dia-internacional-contra-el-drm
09/05/2014,Privilegio Intelectual,http://nadaesgratis.es/fernandez-villaverde/privilegio-intelectual
21/05/2014,Getting a PhD in Economics: el Libro,http://nadaesgratis.es/fernandez-villaverde/getting-a-phd-in-economics-el-libro
23/05/2014,NeG Visual y Básico: El Problema de Europa en una Figura,http://nadaesgratis.es/fernandez-villaverde/neg-visual-y-basico-el-problema-de-europa-en-una-figura
31/05/2014,NeG Visual y Básico: la Productividad en Europa,http://nadaesgratis.es/fernandez-villaverde/neg-visual-y-basico-la-productividad-en-europa-2
01/06/2014,De Aquellos Barros....,http://nadaesgratis.es/fernandez-villaverde/de-aquellos-barros
09/06/2014,Ed Lazear hablando sobre Gary Becker,http://nadaesgratis.es/fernandez-villaverde/ed-lazear-hablando-sobre-gary-becker
11/06/2014,El Egoísmo de los Taxistas,http://nadaesgratis.es/fernandez-villaverde/el-egoismo-de-los-taxistas
13/06/2014,Tesla y las Patentes,http://nadaesgratis.es/fernandez-villaverde/tesla-y-las-patentes
15/06/2014,El Crecimiento Económico de España: 1975-2013,http://nadaesgratis.es/fernandez-villaverde/el-crecimiento-economico-de-espana-1975-2013
18/06/2014,El Crecimiento Económico de España de 1975-2013: 19.º de 27 Países,http://nadaesgratis.es/fernandez-villaverde/el-crecimiento-economico-de-espana-de-1975-2013-el-puesto-19-de-27-paises
20/06/2014,Patente Absurda Tumbada,http://nadaesgratis.es/fernandez-villaverde/patente-absurda-tumbada
26/06/2014,Dos Charlas en Madrid,http://nadaesgratis.es/fernandez-villaverde/dos-charlas-en-madrid
01/07/2014,El (Horrible) Crecimiento Económico de Venezuela,http://nadaesgratis.es/fernandez-villaverde/el-horrible-crecimiento-economico-de-venezuela
02/07/2014,Lenguajes de Computación en Economía: C++>Fortran>Julia>Matlab>R....,http://nadaesgratis.es/fernandez-villaverde/lenguages-de-computacion-en-economia-cfortranjuliamatlabr
07/07/2014,"La ""Gloriosa Actuación"" de la CNMV en el Caso Gowex",http://nadaesgratis.es/fernandez-villaverde/la-gloriosa-actuacion-de-la-cnmv-en-el-caso-gowex
09/07/2014,Harold Kuhn,http://nadaesgratis.es/fernandez-villaverde/harold-kuhn
12/07/2014,Mariano Rajoy: Suspenso en Historia Económica,http://nadaesgratis.es/fernandez-villaverde/mariano-rajoy-suspenso-en-historia-economica
17/07/2014,Tres Reflexiones sobre el Error de Rajoy,http://nadaesgratis.es/fernandez-villaverde/tres-reflexiones-sobre-el-error-de-rajoy
20/07/2014,Lecturas de verano: el nuevo regeneracionismo,http://nadaesgratis.es/fernandez-villaverde/lecturas-de-verano-el-nuevo-regeneracionismo
21/07/2014,Amazon contra la Zarzuela,http://nadaesgratis.es/fernandez-villaverde/amazon-contra-la-zarzuela
10/09/2014,Lecturas: Una pequeña historia del PIB,http://nadaesgratis.es/fernandez-villaverde/una-historia-del-pib
11/09/2014,Panegíricos y obituarios,http://nadaesgratis.es/fernandez-villaverde/panegiricos-y-obituarios
12/09/2014,La Parábola del Payaso,http://nadaesgratis.es/fernandez-villaverde/la-parabola-del-payaso
13/09/2014,Cosas Más Entretenidas: Videos de Gente Interesante,http://nadaesgratis.es/admin/cosas-mas-entretenidas-videos-de-gente-interesante
16/09/2014,"Lecturas: État de droit, Rechtsstaat, Rule of Law (I)",http://nadaesgratis.es/fernandez-villaverde/lecturas-etat-de-droit-rechtsstaat-rule-of-law-i
18/09/2014,"Sin Palabras, que el FOMC ya Emplea Muchas",http://nadaesgratis.es/fernandez-villaverde/sin-palabras-que-el-fomc-ya-emplea-muchas
25/09/2014,De Aquellos Barros (II)….,http://nadaesgratis.es/fernandez-villaverde/de-aquellos-barros-ii
29/09/2014,Gente que Fue Presidente de Cajas de Ahorros en España (I),http://nadaesgratis.es/fernandez-villaverde/gente-que-fue-presidente-de-cajas-de-ahorros-en-espana-i
01/10/2014,Gente que Fue Presidente de Cajas de Ahorros en España (II),http://nadaesgratis.es/fernandez-villaverde/gente-que-fue-presidente-de-cajas-de-ahorros-en-espa%c3%b1a-ii
03/10/2014,Unrechtsstaat,http://nadaesgratis.es/admin/unrechtsstaat
05/10/2014,Gente que Fue Presidente de Cajas de Ahorros en España (III),http://nadaesgratis.es/fernandez-villaverde/gente-que-fue-presidente-de-cajas-de-ahorros-en-espa%c3%b1a-iii
08/10/2014,Estados Unidos Exporta Hoy Petróleo,http://nadaesgratis.es/fernandez-villaverde/estados-unidos-exporta-hoy-petr%c3%b3leo
10/10/2014,Ebola y Capital Organizativo en España,http://nadaesgratis.es/fernandez-villaverde/ebola-y-capital-organizativo-en-espa%c3%b1a
11/10/2014,Horarios en España,http://nadaesgratis.es/fernandez-villaverde/horarios-en-espa%c3%b1a
12/10/2014,La Gestión de la Infección en un lado y el otro del Atlántico,http://nadaesgratis.es/fernandez-villaverde/la-gesti%c3%b3n-de-la-infecci%c3%b3n-en-un-lado-y-el-otro-del-atl%c3%a1ntico
13/10/2014,Tirole,http://nadaesgratis.es/fernandez-villaverde/tirole
16/10/2014,Tirole (II),http://nadaesgratis.es/fernandez-villaverde/tirole-ii
17/10/2014,Las Notas de Prensa del Ministro de Industria,http://nadaesgratis.es/fernandez-villaverde/las-notas-de-prensa-del-ministro-de-industria
20/10/2014,Las Juntas Tóricas de España,http://nadaesgratis.es/fernandez-villaverde/las-juntas-t%c3%b3ricas-de-espa%c3%b1a
05/11/2014,Gordon Tullock ha muerto,http://nadaesgratis.es/fernandez-villaverde/gordon-tullock-ha-muerto
12/11/2014,De Oposiciones y sus Tribunales en España,http://nadaesgratis.es/fernandez-villaverde/de-oposiciones-y-sus-tribunales-en-espa%c3%b1a
13/11/2014,De Oposiciones y sus Tribunales en España (Dos de Tres),http://nadaesgratis.es/fernandez-villaverde/de-oposiciones-y-sus-tribunales-en-espa%c3%b1a-dos-de-tres
22/11/2014,Predatory journals en la práctica,http://nadaesgratis.es/fernandez-villaverde/predatory-journals-en-la-practica
27/11/2014,El Plagio de José Antonio Martínez Álvarez,http://nadaesgratis.es/fernandez-villaverde/el-plagio-de-jose-antonio-martinez-alvarez
04/12/2014,Tesis al Peso,http://nadaesgratis.es/fernandez-villaverde/tesis-al-peso
06/12/2014,GGVIS,http://nadaesgratis.es/fernandez-villaverde/ggvis
13/12/2014,Contabilidad para el Fin de Semana: Bankia,http://nadaesgratis.es/fernandez-villaverde/contabilidad-para-el-fin-de-semana-bankia
21/12/2014,Imperio de la Ley y Crecimiento Económico,http://nadaesgratis.es/fernandez-villaverde/imperio-de-la-ley-y-crecimiento-economico
24/12/2014,Imperio de la Ley y el Caso del Dr. Bonham,http://nadaesgratis.es/fernandez-villaverde/imperio-de-la-ley-y-el-caso-del-dr-bonham
27/12/2014,Imperio de la Ley e Independencia Judicial,http://nadaesgratis.es/fernandez-villaverde/imperio-de-la-ley-e-independencia-judicial
30/12/2014,Errores Económicos de Europa.,http://nadaesgratis.es/fernandez-villaverde/errores-economicos-de-europa
06/01/2015,Uber y las Medidas Cautelares,http://nadaesgratis.es/fernandez-villaverde/uber-y-las-medidas-cautelares
11/01/2015,Encuestas en la Era del Multipartidismo,http://nadaesgratis.es/fernandez-villaverde/encuestas-en-la-era-del-multipartidismo
14/01/2015,"Abraham Zacuto, nuevo colaborador de NeG",http://nadaesgratis.es/fernandez-villaverde/abraham-zacuto-nuevo-colaborador-de-neg
18/01/2015,La Economía Política del Estancamiento Europeo,http://nadaesgratis.es/fernandez-villaverde/la-economia-politica-del-estancamiento-europeo
19/01/2015,!Viva el Detalle! España y la Junckereconomics,http://nadaesgratis.es/fernandez-villaverde/viva-el-detalle-espana-y-la-junckereconomics
22/01/2015,De los Archivos:  la Flexibilización Cuantitativa,http://nadaesgratis.es/fernandez-villaverde/de-los-archivos-la-flexibilizacion-cuantitativa
24/01/2015,Los Conductores de Uber,http://nadaesgratis.es/fernandez-villaverde/los-conductores-de-uber
25/01/2015,Curso Improvisado de Historia Política Griega por Stathis Kalyvas,http://nadaesgratis.es/fernandez-villaverde/curso-improvisado-de-historia-politica-griega-por-stathis-kalyvas
28/01/2015,Carmen Reinhart y Kenneth Rogoff vs. Yanis Varoufakis,http://nadaesgratis.es/fernandez-villaverde/carmen-reinhart-y-kenneth-rogoff-vs-yanis-varoufakis
28/01/2015,Oliver Hart y Sergiu Hart son Personas Distintas (menos en Grecia),http://nadaesgratis.es/fernandez-villaverde/oliver-hart-y-sergiu-hart-son-personas-distintas-excepto-en-grecia
04/02/2015,El Sector Exterior: ¿Un Problema Sin Resolver?,http://nadaesgratis.es/fernandez-villaverde/el-sector-exterior-un-problema-sin-resolver
05/02/2015,Uber en Pennsylvania,http://nadaesgratis.es/fernandez-villaverde/uber-en-pennsylvania
10/02/2015,"La Seguridad Jurídica, Licencias de Taxi y Uber",http://nadaesgratis.es/fernandez-villaverde/la-seguridad-juridica-licencias-de-taxi-y-uber
14/02/2015,"Uber, Airbnb and all that: dos podcasts",http://nadaesgratis.es/fernandez-villaverde/uber-airbnb-and-all-that-dos-podcasts
25/02/2015,"Sí, España Fue Rescatada en 2012",http://nadaesgratis.es/fernandez-villaverde/si-espana-fue-rescatada-en-2012
14/03/2015,Encuestas Electorales y Libertad de Expresión,http://nadaesgratis.es/fernandez-villaverde/encuestas-electorales-y-libertad-de-expresion
15/03/2015,Encuestas Electorales y Libertad de Expresión: la Evidencia Empírica,http://nadaesgratis.es/fernandez-villaverde/encuestas-electorales-y-libertad-de-expresion-la-evidencia-empirica
21/03/2015,Reflexionando sobre la Jornada de Reflexión,http://nadaesgratis.es/fernandez-villaverde/reflexionando-sobre-la-jornada-de-reflexion
27/03/2015,Cosas que Hacer en Vacaciones,http://nadaesgratis.es/fernandez-villaverde/cosas-que-hacer-para-los-que-tengan-vacaciones
28/03/2015,Programación Funcional para Economistas,http://nadaesgratis.es/fernandez-villaverde/programacion-funcional-para-economistas
30/03/2015,Edmond Malinvaud,http://nadaesgratis.es/fernandez-villaverde/edmond-malinvaud
26/04/2015,Volver a Empezar,http://nadaesgratis.es/fernandez-villaverde/volver-a-empezar-2
01/05/2015,Charlas en Madrid: Las Transparencias,http://nadaesgratis.es/fernandez-villaverde/charlas-en-madrid-las-transparencias
04/05/2015,La Desagradable Aritmética del Ajuste Fiscal: 5 Años Después,http://nadaesgratis.es/fernandez-villaverde/como-reducir-el-deficit-publico-o-los-limites-desde-el-gasto
07/05/2015,"Video de mi conferencia ""Volver a empezar""",http://nadaesgratis.es/fernandez-villaverde/video-de-mi-confernecia-volver-a-empezar
18/05/2015,Lecciones de Economía Pública (con una Aplicación al IVA),http://nadaesgratis.es/fernandez-villaverde/lecciones-de-economia-publica-con-una-aplicacion-al-iva
01/06/2015,Keynes y Cambridge: unas fotos,http://nadaesgratis.es/fernandez-villaverde/keynes-y-cambridge-unas-fotos
26/06/2015,¿Y si la culpa es de los Españoles y no de nuestros políticos?,http://nadaesgratis.es/fernandez-villaverde/y-si-la-culpa-es-de-los-espanoles-y-no-de-nuestros-politicos
09/07/2015,Grecia en 2015 no es Alemania en 1953,http://nadaesgratis.es/fernandez-villaverde/grecia-en-2015-no-es-alemania-en-1953
10/07/2015,Blanchard y Grecia,http://nadaesgratis.es/fernandez-villaverde/blanchard-y-grecia
13/07/2015,Margaret Thatcher tenía razón,http://nadaesgratis.es/fernandez-villaverde/margaret-thatcher-tenia-razon
20/07/2015,Panel en el NBER sobre la Crisis Griega,http://nadaesgratis.es/fernandez-villaverde/panel-en-el-nber-sobre-la-crisis-griega
21/07/2015,Del Baúl: Friedman sobre el Euro en 1997,http://nadaesgratis.es/fernandez-villaverde/del-baul-friedman-sobre-el-euro-en-1997
31/08/2015,Mis Aventuras con Bitcoin I: el Dinero es Memoria,http://nadaesgratis.es/fernandez-villaverde/mis-aventuras-con-bitcoin-i-el-dinero-es-memoria
01/09/2015,Mis Aventuras con Bitcoin II: El Funcionamiento de Bitcoin,http://nadaesgratis.es/fernandez-villaverde/mis-aventuras-con-bitcoin-ii
02/09/2015,Mis Aventuras con Bitcoin III: Una Evaluación,http://nadaesgratis.es/fernandez-villaverde/mis-aventuras-con-bitcoin-iii-historia-y-evaluacion
03/10/2015,Anuncio: Del Capitalismo Clientelar al Capitalismo Competitivo,http://nadaesgratis.es/fernandez-villaverde/anuncio-del-capitalismo-clientelar-al-capitalismo-competitivo
12/10/2015,El capitalismo español: ¿competitivo o clientelar? (video),http://nadaesgratis.es/fernandez-villaverde/el-capitalismo-espanol-competitivo-o-clientelar-video
14/10/2015,Angus Deaton: unos enlaces básicos,http://nadaesgratis.es/fernandez-villaverde/angus-deaton-unos-enlaces-basicos
19/10/2015,Deaton: Understanding Consumption 20 años después,http://nadaesgratis.es/fernandez-villaverde/deaton-understanding-consumption-20-anos-despues
23/10/2015,Ricardo Hausmann: tienes toda la razón,http://nadaesgratis.es/fernandez-villaverde/ricardo-hausmann-tienes-toda-la-razon
01/11/2015,Octavo Centenario de Magna Carta,http://nadaesgratis.es/fernandez-villaverde/octavo-centenario-de-magna-carta
10/11/2015,Evaluación de la Encuesta del CIS sobre el 27-S,http://nadaesgratis.es/fernandez-villaverde/evaluacion-de-la-encuesta-del-cis-sobre-las-elecciones-del-27-s
10/11/2015,El CIS debería dejar de hacer encuestas electorales,http://nadaesgratis.es/fernandez-villaverde/el-cis-deberia-de-dejar-de-hacer-encuestas
13/11/2015,Se obedece pero no se cumple: la AIReF y Montoro,http://nadaesgratis.es/fernandez-villaverde/se-obedece-pero-no-se-cumple-la-airef-y-montoro
16/11/2015,"Sí, el CIS debería de dejar de hacer encuestas electorales",http://nadaesgratis.es/fernandez-villaverde/si-el-cis-deberia-de-dejar-de-hacer-encuestas-electorales
18/11/2015,¿Importa la incertidumbre fiscal?,http://nadaesgratis.es/fernandez-villaverde/importa-la-incertidumbre-fiscal
24/11/2015,Douglass C. North,http://nadaesgratis.es/fernandez-villaverde/douglass-c-north
29/11/2015,Douglass North: una Introducción,http://nadaesgratis.es/fernandez-villaverde/douglass-north-una-introduccion
09/12/2015,¿Hemos Encontrado a Satoshi Nakamoto?,http://nadaesgratis.es/fernandez-villaverde/hemos-encontrado-a-satoshi-nakamoto
14/12/2015,Encuestas Electorales y Libertad de Expresión: El Periòdic d'Andorra,http://nadaesgratis.es/fernandez-villaverde/encuestas-electorales-y-libertad-de-expresion-el-periodic-dandorra
26/12/2015,Paradojas en La Rioja: el voto útil en la era del multipartidismo,http://nadaesgratis.es/fernandez-villaverde/paradojas-en-la-rioja-el-voto-util-en-la-era-del-multipartidismo
31/12/2015,Solución y estimación de modelos dinámicos en macro,http://nadaesgratis.es/fernandez-villaverde/solucion-y-estimacion-de-modelos-dinamicos-en-macro
04/01/2016,Historia económica de Australia: una guía rápida,http://nadaesgratis.es/fernandez-villaverde/historia-economica-de-australia-una-guia-rapida
15/01/2016,Historia económica de China con la dinastía Song: varias entrevistas,http://nadaesgratis.es/fernandez-villaverde/historia-economica-de-china-con-la-dinastia-song-varias-entrevistas
18/01/2016,"Zidane, Bettoni y la maldita manía de regular",http://nadaesgratis.es/fernandez-villaverde/zidane-benotti-y-la-maldita-mania-de-regular
26/01/2016,Entrevista con Jim Heckman,http://nadaesgratis.es/admin/entrevista-con-jim-heckman
01/02/2016,Los Costes de la Incertidumbre Política en España,http://nadaesgratis.es/fernandez-villaverde/los-costes-de-la-incertidumbre-politica-en-espana
03/02/2016,Empates electorales (versión Iowa),http://nadaesgratis.es/fernandez-villaverde/empates-electorales-version-iowa
07/02/2016,El precio de las renovables,http://nadaesgratis.es/fernandez-villaverde/el-precio-de-las-renovables
07/02/2016,El futuro del dinero,http://nadaesgratis.es/fernandez-villaverde/el-futuro-del-dinero
08/02/2016,Los Costes de la Incertidumbre Política en España (II),http://nadaesgratis.es/fernandez-villaverde/los-costes-de-la-incertidumbre-politica-en-espana-ii
18/02/2016,¿Cuánto nos va a costar la última decisión de Bankia?,http://nadaesgratis.es/fernandez-villaverde/cuanto-nos-va-a-costar-la-ultima-decision-de-bankia
22/02/2016,Lucha de clases en Carolina del Sur,http://nadaesgratis.es/fernandez-villaverde/lucha-de-clases-en-carolina-del-sur
27/02/2016,Crítica de la Razón Pura,http://nadaesgratis.es/fernandez-villaverde/critica-de-la-razon-pura
28/02/2016,Más sobre Carolina del Sur (edición demócratas),http://nadaesgratis.es/fernandez-villaverde/mas-sobre-carolina-del-sur-edicion-democratas
29/02/2016,Multiplicadores fiscales: mucho ruido y pocas nueces,http://nadaesgratis.es/fernandez-villaverde/multiplicadores-fiscales-mucho-ruido-y-pocas-nueces
02/03/2016,Buenas noticias en la Universidad,http://nadaesgratis.es/fernandez-villaverde/buenas-noticias-en-la-universidad
13/03/2016,La macroeconomía de los shocks de volatilidad,http://nadaesgratis.es/fernandez-villaverde/la-macroeconomia-de-los-shocks-de-volatilidad
19/03/2016,David Autor y el efecto del comercio internacional,http://nadaesgratis.es/fernandez-villaverde/david-autor-y-el-efecto-del-comercio-internacional
21/03/2016,Aprendizaje profundo I,http://nadaesgratis.es/fernandez-villaverde/aprendizaje-profundo-i
28/03/2016,Aprendizaje profundo II,http://nadaesgratis.es/fernandez-villaverde/aprendizaje-profundo-ii
31/03/2016,De Guindos: ¿mentiroso o incompetente?,http://nadaesgratis.es/fernandez-villaverde/de-guindo-mentiroso-o-incompetente
05/04/2016,Libre comercio y las primarias en Estados Unidos,http://nadaesgratis.es/fernandez-villaverde/libre-comercio-y-las-primarias-en-estados-unidos
07/04/2016,Competencia entre dineros privados fiduciarios,http://nadaesgratis.es/fernandez-villaverde/competencia-entre-dineros-privados-fiduciarios
23/04/2016,Retos y oportunidades de la economía española en la incertidumbre,http://nadaesgratis.es/fernandez-villaverde/retos-y-oportunidades-de-la-economia-espanola-en-la-incertidumbre
25/04/2016,Sobre la Sostenibilidad Fiscal de España,http://nadaesgratis.es/fernandez-villaverde/sobre-la-sostenibilidad-fiscal-de-espana
02/05/2016,Sobre la Sostenibilidad Fiscal de España (II),http://nadaesgratis.es/fernandez-villaverde/sobre-la-sostenibilidad-fiscal-de-espana-ii
29/05/2016,La Undécima del Madrid o los absurdos del BOE,http://nadaesgratis.es/fernandez-villaverde/la-undecima-del-madrid-o-los-absurdos-del-boe
03/06/2016,Liberalizando las farmacias,http://nadaesgratis.es/fernandez-villaverde/liberalizando-las-farmacios
04/06/2016,Charla en la Rafael del Pino: el Video,http://nadaesgratis.es/fernandez-villaverde/charla-en-la-rafael-del-pino
07/06/2016,Casualidades: la CNMC y el Colegio General de Economistas,http://nadaesgratis.es/fernandez-villaverde/casualidades-la-cnmc-y-el-colegio-general-de-economistas
07/06/2016,Liberalizando a los economistas,http://nadaesgratis.es/fernandez-villaverde/liberalizando-a-los-economistas
14/06/2016,Historia Económica de China,http://nadaesgratis.es/admin/historia-economica-de-china
17/06/2016,Videos para el fin de semana: Men of Ideas,http://nadaesgratis.es/admin/videos-para-el-fin-de-semana-men-of-ideas
22/06/2016,Recomendación: History of Philosophy without any gaps,http://nadaesgratis.es/fernandez-villaverde/recomendacion-history-of-philosophy-without-any-gaps
26/06/2016,Brexit: una visión diferente (I),http://nadaesgratis.es/fernandez-villaverde/brexit-una-vision-diferente-i
27/06/2016,Brexit: una visión diferente (II),http://nadaesgratis.es/fernandez-villaverde/brexit-una-vision-diferente-ii
01/07/2016,Distribución mundial de renta,http://nadaesgratis.es/fernandez-villaverde/distribucion-mundial-de-renta
04/07/2016,Las ganancias del comercio internacional: un intermezzo en Brexit,http://nadaesgratis.es/fernandez-villaverde/las-ganancias-del-comercio-internacional-un-intermezzo-en-brexit
08/07/2016,Rudolf Kalman,http://nadaesgratis.es/fernandez-villaverde/robert-kalman
11/07/2016,Tres dilemas con las cláusulas suelo,http://nadaesgratis.es/admin/a-vueltas-con-las-clausulas-suelo
12/07/2016,Incremento global de las temperaturas,http://nadaesgratis.es/fernandez-villaverde/incremento-global-de-las-temperaturas
15/07/2016,"Howard Raiffa, William McNeill",http://nadaesgratis.es/fernandez-villaverde/howard-raiffa-william-mcneill
26/07/2016,Harappa,http://nadaesgratis.es/fernandez-villaverde/51377
03/09/2016,Sir Anthony Jay,http://nadaesgratis.es/fernandez-villaverde/sir-anthony-jay
04/09/2016,Economistas en Silicon Valley,http://nadaesgratis.es/fernandez-villaverde/economistas-en-silicon-valley
11/09/2016,Eliminemos el dinero (en metálico),http://nadaesgratis.es/fernandez-villaverde/eliminemos-el-dinero-en-metalico
19/09/2016,La maldición del metálico,http://nadaesgratis.es/fernandez-villaverde/51817
21/09/2016,"de Guindos, el Rescate y el Partido Popular",http://nadaesgratis.es/fernandez-villaverde/de-guindos-el-rescate-y-el-partido-popular
10/10/2016,Oliver Hart y Bengt Holmström,http://nadaesgratis.es/fernandez-villaverde/oliver-hart-y-bengt-holmstrom
19/10/2016,Nuestro hombre en Caracas: Manuel Toledo,http://nadaesgratis.es/fernandez-villaverde/nuestro-hombre-en-caracas-manuel-toledo
24/10/2016,Liquidez Interna y Externa (I),http://nadaesgratis.es/fernandez-villaverde/liquidez-interna-y-externa-i
24/10/2016,We don’t take cash,http://nadaesgratis.es/fernandez-villaverde/we-dont-take-cash
28/10/2016,Lectura y videos para el fin de semana: Joel Mokyr,http://nadaesgratis.es/fernandez-villaverde/lectura-y-videos-para-el-fin-de-semana-joel-mokyr
31/10/2016,Robert D. Tollison,http://nadaesgratis.es/fernandez-villaverde/robert-d-tollison
02/11/2016,"Francisco Tomás y Valiente, in memoriam",http://nadaesgratis.es/admin/francisco-tomas-y-valiente-in-memoriam
04/11/2016,Lectura y videos para el fin de semana: Filosofía en el Mundo Islámico,http://nadaesgratis.es/fernandez-villaverde/lectura-y-videos-para-el-fin-de-semana-filosofia-en-el-mundo-islamico
10/11/2016,Ignacio Aguado: enemigo del bienestar de los madrileños,http://nadaesgratis.es/fernandez-villaverde/ignacio-aguado-enemigo-del-bienestar-de-los-madrilenos
15/11/2016,"Si las cosas están mal en Madrid, en Andalucía ya ni te cuento (o más sobre las leyes autonómicas del deporte)",http://nadaesgratis.es/fernandez-villaverde/si-las-cosas-estan-mal-en-madrid-en-andalucia-ya-ni-te-cuento-o-mas-sobre-las-leyes-autonomicas-del-deporte
20/11/2016,Ignacio Aguado: enemigo de la unidad de mercado de España,http://nadaesgratis.es/fernandez-villaverde/ignacio-aguado-enemigo-de-la-unidad-de-mercado-de-espana
25/11/2016,Lectura y videos para el fin de semana: Daniel Kahneman y Amos Tversky,http://nadaesgratis.es/fernandez-villaverde/lectura-y-videos-para-el-fin-de-semana-daniel-kahneman-y-amos-tversky
26/11/2016,La mediocridad económica de la Cuba de Castro,http://nadaesgratis.es/fernandez-villaverde/la-mediocridad-economica-de-la-cuba-de-castro
07/12/2016,El rector y los plagios (más novedades),http://nadaesgratis.es/fernandez-villaverde/el-rector-y-los-plagios-mas-novedades
09/12/2016,Compatibilidad entre plagio y rectorado: Un análisis jurídico,http://nadaesgratis.es/fernandez-villaverde/compatibilidad-entre-plagio-y-rectorado-un-analisis-juridico
12/12/2016,Oliver Hart y Bengt Holmström: las charlas del premio,http://nadaesgratis.es/admin/oliver-hart-y-bengt-holmstrom-las-charlas-del-premio
26/12/2016,Lecturas y videos para el fin de año: Aprendizaje automático,http://nadaesgratis.es/fernandez-villaverde/lectura-y-videos-para-el-fin-de-semana-aprendizaje-automatico
01/01/2017,Tony Atkinson (RIP),http://nadaesgratis.es/fernandez-villaverde/tony-atkinson-rip
03/01/2017,Guía para aprender métodos cuantitativos en economía (I),http://nadaesgratis.es/fernandez-villaverde/guia-para-aprender-metodos-cuantitativos-en-economia
13/01/2017,Lecturas para el fin de semana: libros de historia económica publicados desde 2000,http://nadaesgratis.es/fernandez-villaverde/lecturas-para-el-fin-de-semana-libros-de-historia-economica-desde-2000
20/01/2017,Lectura y videos para el fin de semana: Historia de la industria del petróleo,http://nadaesgratis.es/fernandez-villaverde/lectura-y-videos-para-el-fin-de-semana-historia-de-la-industria-del-petroleo
29/01/2017,Recordando el tribunal de tesis de Rodrigo Rato,http://nadaesgratis.es/fernandez-villaverde/recordando-el-tribunal-de-tesis-de-rodrigo-rato
03/02/2017,José Antonio Martínez Álvarez: ¡adiós y hasta nunca!,http://nadaesgratis.es/fernandez-villaverde/jose-antonio-martinez-alvarez-adios-y-hasta-nunca
06/02/2017,Guía para aprender métodos cuantitativos en economía (II),http://nadaesgratis.es/fernandez-villaverde/guia-para-aprender-metodos-cuantitativos-en-economia-ii
20/02/2017,El pasado nunca está muerto. No es ni siquiera pasado.,http://nadaesgratis.es/fernandez-villaverde/el-pasado-nunca-esta-muerto-no-es-ni-siquiera-pasado
22/02/2017,Kenneth Arrow,http://nadaesgratis.es/fernandez-villaverde/kenneth-arrow
06/03/2017,"Econtalk con Nicholas Crafts, Luis Garicano y Luigi Zingales",http://nadaesgratis.es/fernandez-villaverde/econtalk-con-nicholas-crafts-luis-garicano-y-luigi-zingales
23/03/2017,Artículos de Historia Económica: una selección por Pseudoerasmus,http://nadaesgratis.es/fernandez-villaverde/articulos-de-historia-economica-una-seleccion-por-pseudoerasmus
03/04/2017,Guía para aprender métodos cuantitativos en economía (III),http://nadaesgratis.es/fernandez-villaverde/guia-para-aprender-metodos-cuantitativos-en-economia-iii
09/04/2017,Sobre las oposiciones a altos cuerpos,http://nadaesgratis.es/fernandez-villaverde/sobre-las-oposiciones-a-altos-cuerpos
17/04/2017,"Edad Media: capacidad fiscal, fortaleza de los estados y crecimiento económico",http://nadaesgratis.es/fernandez-villaverde/edad-media-capacidad-fiscal-fortaleza-de-los-estados-y-crecimiento-economico
08/05/2017,"¿Si la economía se ha recuperado, por qué no se nota más?",http://nadaesgratis.es/fernandez-villaverde/si-la-economia-se-ha-recuperado-por-que-yo-no-lo-siento
10/05/2017,Allan H. Meltzer (1928-2017),http://nadaesgratis.es/fernandez-villaverde/allan-meltzer-1928-2017
18/05/2017,¿Tenemos los abogados del estado que necesitamos?,http://nadaesgratis.es/fernandez-villaverde/tenemos-los-abogados-del-estado-que-necesitamos
05/06/2017,Guía para aprender métodos cuantitativos en economía (IV),http://nadaesgratis.es/fernandez-villaverde/guia-para-aprender-metodos-cuantitativos-en-economia-2
25/06/2017,Guía para aprender métodos cuantitativos en economía (V),http://nadaesgratis.es/fernandez-villaverde/guia-para-aprender-metodos-cuantitativos-en-economia-v
04/07/2017,La violencia: la gran igualadora,http://nadaesgratis.es/fernandez-villaverde/la-violencia-el-gran-nivelador
10/07/2017,Instituciones y sistemas de partidos: el caso del euro,http://nadaesgratis.es/fernandez-villaverde/instituciones-y-sistemas-de-partidos-el-caso-del-euro
04/09/2017,Los doble grados: una idea fuera de control,http://nadaesgratis.es/fernandez-villaverde/los-doble-grados-una-idea-fuera-de-control
11/09/2017,El cereal y el estado,http://nadaesgratis.es/fernandez-villaverde/el-cereal-y-el-estado
02/10/2017,Retorno a Bretton Woods: Keynes contra White (I),http://nadaesgratis.es/fernandez-villaverde/retorno-a-bretton-woods-keynes-contra-white-i
20/10/2017,Comparecencia en el Congreso: Comisión de Investigación sobre la crisis financiera de España,http://nadaesgratis.es/fernandez-villaverde/comparecencia-en-el-congreso-comision-de-investigacion-sobre-la-crisis-financiera-de-espana
24/10/2017,El diseño de la nueva Europa,http://nadaesgratis.es/fernandez-villaverde/el-diseno-de-la-nueva-europa
04/12/2017,El euro y la batalla de las ideas,http://nadaesgratis.es/fernandez-villaverde/el-euro-y-la-batalla-de-las-ideas
